,0,1,2,3
0,0.01642402128967225,-3.199696894301367,0.0819428274229974,-0.8484547210461874
1,-2.2573356123616892,-2.714649284925676,2.0714571589373176,0.9865752570304503
2,-2.7422312946520724,-2.486699299220953,0.7865524459764571,0.0690602679921315
3,1.8821602032623348,-1.7329471172687758,-1.6798027861129847,-0.8484547210461874
4,4.261947164258372,-2.4733634907564555,1.0821514252855038,-0.8484547210461874
5,3.1322565246016247,-1.3409245021046379,-1.8307385100746423,-0.8484547210461874
6,0.6821438874810771,-3.8701728074323505,2.3733132328510753,1.9040902460687692
7,1.5124034927843149,-2.4308899674071807,1.2226064081256633,-0.8484547210461874
8,-0.590776699381518,-1.9085794167846615,0.2547183345886772,0.9865752570304503
9,-2.3456767451188067,-3.7017362957346793,-0.17205572285126192,0.0690602679921315
10,0.03794718337917775,0.3004452726193286,-1.0800263144748994,-0.8484547210461874
11,2.983386338691278,-1.4773034373898304,3.116332679496213,-0.8484547210461874
12,-0.8948027235423223,-1.8156784545934754,1.1668357086001337,0.9865752570304503
13,2.591527218338456,-0.6963450558856271,-2.33276644348371,-0.8484547210461874
14,1.5156799535988472,-1.8516346484308428,-1.7323002711706283,-0.8484547210461874
15,2.54240882989245,-2.050946637980136,-1.977910666528226,-0.8484547210461874
16,1.3855129755249098,-0.6646127349471329,-2.2718564426929393,0.0690602679921315
17,1.5985827176251435,-1.939566790801566,-1.7657429898719479,-0.8484547210461874
18,3.8630374139127817,-1.6802043633311963,0.33174325803486726,-0.8484547210461874
19,3.1816144829498603,-1.1777357549198022,-1.650367370043469,-0.8484547210461874
20,-0.013939874164616638,-2.5447017687753184,0.6972115758298721,-0.8484547210461874
21,3.3552055189957333,-3.9247639424860594,2.303325294392686,-0.8484547210461874
22,1.8990904996431934,-1.5062501156078787,0.7520578484822784,0.0690602679921315
23,0.9018444798046412,-3.580512919801371,-0.829541272952347,1.9040902460687692
24,-2.5771207790116026,-2.2845084150725143,0.6411633408914552,2.8216052351070884
25,3.053920616517199,-0.47277314657074837,1.156689022029139,-0.8484547210461874
26,4.15520004829327,-2.0350993310133494,0.6560311136725069,-0.8484547210461874
27,1.6111003653765938,-2.29958084444172,1.1786838823555414,-0.8484547210461874
28,1.8253840260194363,-1.7728833447702312,-1.760413435793622,-0.8484547210461874
29,-1.7792331198121372,-1.5010347697505144,-0.4017933343085353,1.9040902460687692
30,2.7049184324020086,-2.647984212392439,1.0930628735466794,-0.8484547210461874
31,-1.4043501002910168,-2.5416868435723194,-1.2987459346233545,0.9865752570304503
32,2.6392891317107767,-2.119885386776217,-1.148947405557845,0.0690602679921315
33,0.06548362234760044,-0.2634657674046245,-1.1163271329455586,-0.8484547210461874
34,1.8117544950524382,-1.941951826228325,-1.7167408222033047,-0.8484547210461874
35,2.322732539043193,-1.4916817631351573,-2.1745328128757717,-0.8484547210461874
36,-1.9362135867012185,-1.697838894983498,-0.1428049857770853,1.9040902460687692
37,-2.1515531861817623,-1.534308663879864,1.201601346461583,0.0690602679921315
38,-1.97459088330118,-0.7295830583093199,0.1822699591101111,1.9040902460687692
39,-0.20709674988096685,-1.255991486991428,0.48880526946984837,-0.8484547210461874
40,-0.3296951861427164,-1.981696907473793,2.787255692517789,2.8216052351070884
41,0.6440313237921497,-1.8265855389932477,-2.036534365212334,-0.8484547210461874
42,3.2291217972682227,-1.929514238697365,1.6531412340814942,-0.8484547210461874
43,2.0916449564422304,-2.398620921809583,-1.2888196091793656,-0.8484547210461874
44,2.9895143419132153,-3.4819889262551276,1.7508400669703892,0.0690602679921315
45,0.5552476574758709,-1.9410817064283337,-0.08160067490203654,2.8216052351070884
46,2.506689016761642,-1.552698161684037,-2.5015944879279677,-0.8484547210461874
47,-0.7315360821271671,-1.7024087382434112,0.2488289639396233,2.8216052351070884
48,3.0959809441992423,-3.9101759257788076,1.948509584861431,-0.8484547210461874
49,1.430473870868189,-3.291599819759222,-0.5205804380197384,-0.8484547210461874
50,4.491525651415825,-0.86238475193197,-0.24553685130261663,-0.8484547210461874
51,0.5273878849821997,-1.6737744907444847,-2.6407070076025936,-0.8484547210461874
52,1.9086024521214202,-2.9300485637237994,-0.9190214460614722,0.9865752570304503
53,3.5879325151384562,-2.329763092704704,-1.085244537647522,-0.8484547210461874
54,-1.2445080208479853,-2.217510341874513,-1.486690445933299,0.0690602679921315
55,-2.441660224004344,-2.05979851373902,0.7148689791397903,0.0690602679921315
56,0.9994211688495716,-0.12981564857124034,-1.0357257779222298,0.0690602679921315
57,1.3354510638906478,-2.423809326428449,-2.223862561633891,0.0690602679921315
58,1.606031638275181,-3.0532487970125515,-0.4286858355452803,-0.8484547210461874
59,0.5515608844942258,-3.6303068929391578,-0.31495173193276443,-0.8484547210461874
60,-0.43981392598487823,-0.6058458374741362,1.7979008035856705,0.9865752570304503
61,1.4530917319291878,-3.2859238478439283,1.6133815792652637,-0.8484547210461874
62,-2.698439436127747,-2.260812377313615,0.7633005651816696,0.0690602679921315
63,3.9160047949108265,-2.2067715395128156,0.9410192453172491,-0.8484547210461874
64,-0.731705865479162,-0.1234653975537035,-1.3196767245359629,0.9865752570304503
65,-2.6289003153057977,-2.492101464512689,1.2777709406125215,0.9865752570304503
66,1.2397798467327794,-2.241839898607211,0.362472805173097,0.0690602679921315
67,1.56595250776523,-3.163894316058199,-1.0403317995440329,-0.8484547210461874
68,-2.656913215776093,-3.7777169806908444,0.6743323134461088,0.9865752570304503
69,1.2642208509190933,-0.6655476450347535,-0.39602482107162307,0.0690602679921315
70,3.3568229257429296,-2.253568229476745,0.8937670507518601,-0.8484547210461874
71,-0.5717173096840594,-0.8111805066219263,-0.3880518628381909,1.9040902460687692
72,-2.784170883428008,-0.8329838498167094,-0.09222247267769867,0.0690602679921315
73,0.40261443087075355,-2.86872035219294,-0.8561164187575903,0.0690602679921315
74,2.198703461046361,-2.873650927488227,-1.5271435905539017,0.0690602679921315
75,3.340150326308185,-3.761135390830476,2.4769713379327025,-0.8484547210461874
76,-2.3263634688002606,-2.37028177701598,0.766877922430472,0.0690602679921315
77,3.2549306559106745,-3.4498899554344686,1.9465594680122587,-0.8484547210461874
78,2.6423026247759323,-1.0400856572567185,0.30013993504234315,-0.8484547210461874
79,-1.3878010518920172,-3.3856762165906615,-0.3057395098025509,1.9040902460687692
80,-0.7668795236802707,-2.146673267467833,0.27732946472971687,-0.8484547210461874
81,2.021927888196734,-1.7731156863590032,2.4769582059402975,-0.8484547210461874
82,3.392179479750515,-2.930568635625235,-0.6533552927386381,-0.8484547210461874
83,-1.425141055738521,-2.7806312879456336,1.759997473564506,1.9040902460687692
84,3.2814355753606725,-1.2437734076302136,-1.4236546914221044,-0.8484547210461874
85,3.265311921928887,-2.9444407804387893,-1.0700715782276298,-0.8484547210461874
86,2.9342618616565446,-2.980733916078007,-0.8740407135142786,-0.8484547210461874
87,2.9182179380272224,-2.385228233537466,0.942465048377329,-0.8484547210461874
88,2.995545384741032,-3.1639326760206323,1.1876550459983528,-0.8484547210461874
89,3.8235817412563793,-3.1818138354283367,1.2808817160292059,-0.8484547210461874
90,0.7910288762938098,-2.0757538587321167,0.6261956413951624,-0.8484547210461874
91,-0.07151563074339928,-0.6425413903909674,-0.5627410823260605,-0.8484547210461874
92,3.6638299827447356,-0.0974692124339894,0.3420542516170167,-0.8484547210461874
93,3.9415637749430052,-3.462029272988406,1.4064782379265492,-0.8484547210461874
94,-0.554977085505183,-1.8487107081855603,-1.7891504258607123,0.0690602679921315
95,-1.8496680156650847,-2.05127639107264,0.30688113445011816,0.9865752570304503
96,0.1207531926839869,-2.1996771358217315,2.8357150298260416,1.9040902460687692
97,2.6922712112338583,-1.2293294259315013,-1.7516908860330496,-0.8484547210461874
98,2.3668151270847453,-2.998018667884707,-1.3325808300019966,-0.8484547210461874
99,2.4546130310081247,-2.953776653386302,-1.2401745658331094,-0.8484547210461874
100,3.463896311451018,-2.6786750959749956,-1.6507349477798499,-0.8484547210461874
101,2.755003508949347,-3.372797344213983,1.6658275410220755,-0.8484547210461874
102,3.0050956800907334,-3.857211655533787,1.895042534433127,-0.8484547210461874
103,0.1127006301502195,-0.2651994082291435,-1.0949586143633372,1.9040902460687692
104,2.258803898533166,-0.9304177617804185,-2.0245142900760897,-0.8484547210461874
105,-0.751497767507754,-1.9527824473882707,-1.992163766704884,0.9865752570304503
106,0.7887177139930235,-1.5899522798689893,-0.0851168656687486,0.0690602679921315
107,-2.4842536612083626,-1.1262775175127178,-0.190712568181433,0.9865752570304503
108,0.14992089797452524,0.22427888685552513,-1.600966373762753,1.9040902460687692
109,-0.6569332736133803,-2.2432180516148317,3.117074660621482,0.0690602679921315
110,-1.1554515278352477,-2.5615246498664477,1.2729556369675352,0.0690602679921315
111,1.754127328037029,-1.0593114420085403,-0.42007934515099227,-0.8484547210461874
112,-1.0104225293114932,-2.38510248711543,3.4684782591475463,0.9865752570304503
113,1.022848536267937,-0.4287102454917634,1.5216878932015443,0.9865752570304503
114,1.4487726044531306,1.3777203272637915,-1.0924978716582507,-0.8484547210461874
115,2.595864415840615,-3.509145468061305,-0.595098841033529,-0.8484547210461874
116,3.322160658974246,-1.5492733761859094,-0.29283155219811086,-0.8484547210461874
117,-2.186891808911446,-4.1837845911210145,0.7128543385796937,1.9040902460687692
118,-1.2122051924082826,-2.1313394553438996,0.5190846785388805,0.9865752570304503
119,-1.0626241391001638,-3.447124177425737,-0.287751545550562,1.9040902460687692
120,0.5017191764150417,-0.64278264786544,-0.7439278827824125,-0.8484547210461874
121,1.276274805224686,-2.720956506756723,1.418250828141985,0.0690602679921315
122,3.673630599210466,-1.0633896548029813,2.372543376689087,-0.8484547210461874
123,-2.273974227366721,-0.7525585623786502,-0.5873151967013767,1.9040902460687692
124,3.4587477726960607,-0.8857283828684938,-2.1671803826224365,-0.8484547210461874
125,2.955090664998606,-1.953291444890353,0.0035576745352777265,-0.8484547210461874
126,1.0642693278802553,-1.477624842097518,-0.1886427222503147,-0.8484547210461874
127,0.5537301050768965,-1.7123408313101767,-2.3353536498667977,-0.8484547210461874
128,4.051768921489488,-1.9789946025451595,-1.4275864095454276,-0.8484547210461874
129,0.7766660306351084,-3.4965359232568103,-0.39984113040186275,-0.8484547210461874
130,3.583451364225775,-0.10198157060036914,0.8905381449816439,-0.8484547210461874
131,3.100400120718729,-1.4248829655225685,2.781349846306467,-0.8484547210461874
132,-2.712731060726898,-2.274144308312997,-1.385729378673269,2.8216052351070884
133,0.127466787238246,-1.199402423680643,0.5968949106293314,1.9040902460687692
134,-1.4245999043959432,-0.03440238761137901,-1.2536427251112072,0.0690602679921315
135,1.5576094500097368,-2.2873454731706673,0.6850216244916878,-0.8484547210461874
136,1.5459037691188227,-1.6215465711223838,-1.2357424130408126,-0.8484547210461874
137,0.8319722250679626,-1.8382504451672075,0.7414053087562845,0.0690602679921315
138,3.207721739821347,-1.4024863175303088,-1.6931722580339315,-0.8484547210461874
139,-1.072824242430219,-0.9293107272640212,-0.07240512567716173,0.0690602679921315
140,-0.3311706244500334,-1.9136059922857793,0.0424858752565934,-0.8484547210461874
141,3.0785904331664686,-1.5133022845772353,-2.30839191967044,0.0690602679921315
142,-1.4653408885026487,-2.1442410309125126,1.4322273441788604,2.8216052351070884
143,3.4951604467507034,-1.4499387755419488,-2.3646334426619267,-0.8484547210461874
144,3.3702648568193796,-2.412739237620078,-0.5444547796010666,-0.8484547210461874
145,3.8648038365444486,-2.0418470109154727,0.504487561732451,-0.8484547210461874
146,0.8830866402066966,-0.7499724538168766,-0.09542822482427923,-0.8484547210461874
147,2.1010958491585456,-1.426843606089133,2.0423581905172603,-0.8484547210461874
148,1.8328569701919055,-2.0219657657305663,1.9765874878886291,-0.8484547210461874
149,-1.9140858372879002,-2.0603815464860773,1.08601142362271,2.8216052351070884
150,-2.035067494281593,-3.7098949782215884,0.20733532017979384,1.9040902460687692
151,-0.911376378710906,-2.56917672106547,1.6050836837870335,0.0690602679921315
152,-0.614856457129882,-2.124915208795917,-1.4124353089818897,0.0690602679921315
153,0.6603472760430175,-3.1575812075470204,-0.8008450768158247,0.0690602679921315
154,-0.4734177594571209,-1.9791400899123222,0.6249504979393623,0.9865752570304503
155,1.2564834473442803,-2.040463706174548,-1.8470328144593784,-0.8484547210461874
156,2.239896456452441,-0.87329014730295,-2.505365627601558,-0.8484547210461874
157,-0.5604345274187531,-4.2463378473065285,0.520408051398468,2.8216052351070884
158,3.0284107560840487,-0.5446772709598762,1.0695268526839785,-0.8484547210461874
159,1.700992572827876,-1.8553552823538622,2.2023509494706603,-0.8484547210461874
160,2.6183686994788933,-2.0300543747630537,-1.4353727613741525,-0.8484547210461874
161,-0.38974889339130003,-1.8885543445994946,-2.0923825938587717,-0.8484547210461874
162,2.8821569748186358,-1.7465543984267977,-1.9363564143241183,-0.8484547210461874
163,2.3080012910551937,-3.3313769442951786,2.633875555151184,-0.8484547210461874
164,-0.08486260950486385,-2.7784014765785177,-1.0378646575007369,0.0690602679921315
165,3.49747263081773,0.6258702089655857,0.7415568316837807,-0.8484547210461874
166,-2.065514693770957,-1.269083640891786,0.4842530265359806,1.9040902460687692
167,-1.0642105017128518,-3.0720852687790234,-0.8084351432784516,-0.8484547210461874
168,0.3473977554990776,-0.8908692439925352,2.4106727214900547,0.0690602679921315
169,1.7761596311419503,-2.3272190487792295,3.5335417619937264,-0.8484547210461874
170,-1.1217631017064218,-1.5902657124155302,0.663230660266343,2.8216052351070884
171,-2.645557237386903,-0.6140393787858216,0.08113398801967017,0.0690602679921315
172,0.17438894951177242,-1.8090305366235917,-1.9216708802924694,-0.8484547210461874
173,-2.4608988195623627,-1.5740947956994478,0.5990532519473161,0.0690602679921315
174,2.5208837886471582,-1.9111041793017414,-1.3916525448661303,-0.8484547210461874
175,2.2271875757681983,-3.579416069760983,-0.19597097841825914,-0.8484547210461874
176,0.3771077036254052,-1.412901461408683,-0.18958052848243317,1.9040902460687692
177,-1.0705748342735666,-2.2462833435319873,2.7814811730792064,0.9865752570304503
178,2.5958681002728374,-3.242090947642239,-0.4722609380547397,-0.8484547210461874
179,2.761456074981852,-3.463659306239143,1.9405345654089723,0.0690602679921315
180,3.784919211699292,-1.545684683377167,0.6031644535310029,-0.8484547210461874
181,1.4166160969354704,-1.4682858563503531,-2.091805156385879,-0.8484547210461874
182,-1.378700666187587,0.2003933906950167,0.71290954076706,0.9865752570304503
183,2.024824929680598,-2.5953764268285067,-0.11064963295117328,0.0690602679921315
184,-0.33878670910675246,-2.2727262531021224,0.8189667182764911,0.9865752570304503
185,3.0319943425518896,-1.5996817707063475,-2.3056346436741606,-0.8484547210461874
186,-1.5266092581166952,-1.817823949602262,0.5863156535486556,0.0690602679921315
187,0.22000484796260714,-1.2408349053419043,2.8749717837507127,0.9865752570304503
188,2.181615514448189,-2.1623006931279702,2.463095127879262,-0.8484547210461874
189,-1.386483219423428,-2.510420719209295,1.2044634268047565,1.9040902460687692
190,0.8632267995737481,-2.500051735093926,1.4230226289350858,-0.8484547210461874
191,0.8547339664168748,-1.8931802024053805,2.6992612860723413,-0.8484547210461874
192,4.117281099463699,-1.2710082530227427,0.31772664064067324,-0.8484547210461874
193,2.1618774030341954,-3.363295625702657,-0.1481651213931176,0.0690602679921315
194,3.1971194437613595,-3.0558373484360697,0.9259105045308001,-0.8484547210461874
195,1.0747092194560182,-2.574010121513306,1.836217663796328,-0.8484547210461874
196,1.524566732633477,-1.8738640739544163,-2.2545532793564815,-0.8484547210461874
197,2.5156349383754066,-1.8744994550348761,0.5175115515799846,-0.8484547210461874
198,1.3609677461483252,-1.1469044465540699,-2.9780152020441197,-0.8484547210461874
199,-1.8224896607162133,-1.7868337561354526,1.0257615367165869,1.9040902460687692
200,-2.684198964720735,-2.38188910564481,0.9548424604523541,1.9040902460687692
201,-1.771183771510058,-1.7162013889356302,0.2162966758650712,1.9040902460687692
202,3.009524422160081,-1.1886220637258675,-1.6086456842183963,-0.8484547210461874
203,0.22944465785240556,-1.1510168226532789,2.254971567772686,0.0690602679921315
204,4.545669565364103,-1.3649263796842113,-0.3814861045534571,-0.8484547210461874
205,2.0554291572638013,-1.6710510687666476,-0.00024692976748413365,-0.8484547210461874
206,-1.3120672085618543,-1.3920853760559255,2.731809112424894,1.9040902460687692
207,1.8575083577294025,-1.690776275897694,-2.1615494915260514,0.0690602679921315
208,0.8093240687691865,-1.8165559944050416,-0.29048508483914814,-0.8484547210461874
209,4.645386856993559,-0.9518223513870355,-0.2786405713233113,-0.8484547210461874
210,0.8805507333992899,-1.8956216847392249,2.735607938210657,-0.8484547210461874
211,0.808421417874381,-1.0014959718203293,2.333184943548302,-0.8484547210461874
212,2.014856049644277,-3.348763336428207,-0.6837452522360087,-0.8484547210461874
213,3.073005353160913,-3.2379811604741593,1.3375802423772412,-0.8484547210461874
214,4.210070791574484,-3.1929539597611734,1.0443472462531447,-0.8484547210461874
215,4.7529887593524425,-1.364841714063647,-0.7709092918564744,-0.8484547210461874
216,-2.7129462272903337,-0.6571185693032802,-0.0796102950291464,1.9040902460687692
217,0.1128978966200044,-1.3201601931066476,2.195258595092673,0.0690602679921315
218,4.89084057279371,-0.8476364331607337,-0.24342319645287405,-0.8484547210461874
219,1.9393072465580692,-1.4596282063963162,-2.480703595732398,-0.8484547210461874
220,3.592278705299755,-2.294169458329929,0.9462853389020062,-0.8484547210461874
221,-0.9748109307235312,-1.8700922349364513,0.39928169376607836,1.9040902460687692
222,-0.23770997566905197,-3.6799331183779915,-0.5365278015239835,0.9865752570304503
223,3.36822592651069,-1.7051921435336739,2.0824945291512917,-0.8484547210461874
224,-1.1904468070529817,-1.7826992409073508,4.3742541570315545,0.9865752570304503
225,1.8445878670253755,-3.0575193513968153,-1.1616403469611396,0.0690602679921315
226,1.6921538186086873,-3.4224312641374923,2.4082612406340553,-0.8484547210461874
227,3.698914857058883,-1.8777127980686288,0.4225480020864697,-0.8484547210461874
228,-1.8767713263995733,-2.548723866299585,1.4333019087356234,1.9040902460687692
229,-2.619702879267112,-3.4934835099584167,0.17394252171251587,0.9865752570304503
230,0.8372276813735142,-2.7463584256237823,-1.4792351143233815,0.0690602679921315
231,3.5851616093142935,0.2901939827949115,1.6584652037799996,-0.8484547210461874
232,3.407387165484719,-0.9072211795788748,-1.74871024082054,-0.8484547210461874
233,3.373320324914774,-0.7679321620811235,-2.2119221476846405,-0.8484547210461874
234,4.528700710050022,-0.9720241449391841,0.5022864811211613,-0.8484547210461874
235,3.1842725490924235,-1.7191379980241668,0.22380967354101505,-0.8484547210461874
236,0.7955222252498646,-1.049834655408619,-0.033841319629389244,0.9865752570304503
237,3.0004234765589377,-1.9876787444069486,0.2712382785708233,-0.8484547210461874
238,-0.2828112436566137,-0.533975228711647,-0.52288757254173,0.9865752570304503
239,0.8291056364803604,-1.5751357346243813,-2.5806719677583394,0.9865752570304503
240,-0.9418469183302672,-1.9591174987718818,0.7681505110073905,0.0690602679921315
241,0.5421746686899785,-1.6691454031329835,-2.301949879861963,1.9040902460687692
242,2.4609956449760944,-2.9220217449944634,-0.43332703883034807,-0.8484547210461874
243,-1.7414064592543508,-0.10504584505190984,-0.7887009399017503,-0.8484547210461874
244,-1.1828895510745254,-0.38141323250680864,-0.7021874172372681,0.0690602679921315
245,-2.226953871095534,-0.6139215530141733,-0.29171772329385276,-0.8484547210461874
246,3.95127261877907,-3.24390017987804,1.3809290452330598,-0.8484547210461874
247,1.4776102517139487,-0.3196400797817203,-0.7631963312752896,-0.8484547210461874
248,3.7539683332356755,-0.05805104937349046,0.7933802722117558,-0.8484547210461874
249,2.2256821637452173,-2.15054261577645,0.2881738834499451,-0.8484547210461874
250,1.5353431197138627,-1.3727109988908888,2.8210378356329175,-0.8484547210461874
251,2.397720448808153,-2.938370671156733,-0.14136148281199484,-0.8484547210461874
252,1.8646396099999243,-0.9866107359743842,-2.0070745187024985,0.0690602679921315
253,3.1688395651275756,-0.17910117197248726,1.2026421920903343,-0.8484547210461874
254,3.3525426498675555,-3.1657452377008934,2.6237506723120227,1.9040902460687692
255,3.683074411043474,-2.2607675319142877,0.6829937408255402,-0.8484547210461874
256,3.272782271925058,-1.4856942712387722,-2.3426544200580413,-0.8484547210461874
257,-1.887218705825083,-2.6408467785238194,0.92227284412817,2.8216052351070884
258,-1.6591953593430802,0.02961468067797397,-0.01780254286510198,0.9865752570304503
259,-1.2596756923115893,-0.35150436542971253,-0.32738609240209815,0.9865752570304503
260,0.06952338377977246,-0.3371737285170775,-0.33590310774918636,0.9865752570304503
261,1.4281274229503058,-1.221940031665836,-2.4932646150932296,0.0690602679921315
262,3.032282300309556,-1.354047672299072,-2.482298757559683,-0.8484547210461874
263,-1.5338109617906786,-3.6483360690532147,-0.5540547413219915,0.0690602679921315
264,-0.1007819532499687,-3.078447637406123,-0.42934866688788853,-0.8484547210461874
265,-2.3244997131141747,-0.5863949596207801,0.11551145904312601,0.9865752570304503
266,1.2994536631175673,-0.7972115151889931,1.0193499364468543,-0.8484547210461874
267,2.171114966666434,-2.1621078587501863,-1.5839584469954497,0.0690602679921315
268,0.5915573579178974,-1.9382744257355404,0.5116051391678553,-0.8484547210461874
269,2.6536686071792754,-2.1598325265383274,3.047945571031598,-0.8484547210461874
270,3.4685395323083883,0.01830906814733577,1.066977935285229,-0.8484547210461874
271,2.7089127930064016,-2.702670955694656,-0.34333905534214626,0.0690602679921315
272,1.7609131854450089,-0.43512585306840806,1.2049855765240314,-0.8484547210461874
273,-2.175000876173055,-1.0145694100049956,-0.001308000468361207,0.9865752570304503
274,3.2773819960954644,-1.6366981314224562,-2.041579423535363,-0.8484547210461874
275,-1.5507341326203423,-1.1516995290490166,2.6174026224714075,1.9040902460687692
276,3.673493738256415,-0.645433413009279,-2.449852340924762,-0.8484547210461874
277,0.5879377505989672,-1.704825770369078,-2.1616934881036776,0.9865752570304503
278,-1.6787672098179367,-2.3572523778702092,3.9462512910894443,0.9865752570304503
279,0.9904663072646196,0.41087095800712364,-0.986178336500993,-0.8484547210461874
280,2.1494080486811518,-2.3153123059411196,-1.2500640821003566,-0.8484547210461874
281,2.3153486471511657,-0.9926362665391656,-1.6578798924844897,-0.8484547210461874
282,0.5728422108005478,-1.873396349182066,0.15738568455317756,0.0690602679921315
283,3.980453863205078,-1.560929014109852,1.1045688056662655,-0.8484547210461874
284,-1.787115907312171,-1.23193581281384,-1.8921829459276354,0.9865752570304503
285,0.4555538449026611,-0.8084065833715082,1.5892560702342504,0.0690602679921315
286,3.657550772514102,-0.7661447487923269,-2.6002673484357706,-0.8484547210461874
287,-1.6069791516018983,-1.4934574488574113,0.9627631763770277,1.9040902460687692
288,-0.6132587864636271,-0.4960281443027055,1.5795163295377812,0.0690602679921315
289,0.9202581333910154,-0.050781823116214236,-1.17942985623945,0.0690602679921315
290,-1.6850030270743106,-1.2335179867067054,-0.1468258145012121,0.9865752570304503
291,-2.2130611160740963,-0.464689377549084,-1.0599425310312978,1.9040902460687692
292,3.352644017265682,-1.3160912651381815,2.6466957551521006,0.0690602679921315
293,3.2067884852581,-1.3556306234021498,-2.434437151425003,-0.8484547210461874
294,2.4210649937685416,0.20439540563270667,-0.7309769630832457,-0.8484547210461874
295,1.9569470633797763,3.2545341210820395,-0.9153281390341252,-0.8484547210461874
296,1.9650262128903104,3.21240506767482,-0.8064396557772093,-0.8484547210461874
297,1.9484182565729522,1.9659225079820521,2.771894551683345,-0.8484547210461874
298,2.5208071652890998,2.807966709705414,2.0143323095706216,-0.8484547210461874
299,3.1578211981618427,3.1914292639019743,0.8150349506947074,-0.8484547210461874
300,2.233841327051379,3.1630872449412353,-1.1399402988711769,-0.8484547210461874
301,1.811301857648998,3.1701740339427773,-0.736763162948058,-0.8484547210461874
302,1.99969303971313,2.4328114391182614,-0.7980196256904375,-0.8484547210461874
303,3.2748469628100625,3.074634994167486,0.8804854915709494,-0.8484547210461874
304,1.2784880976109863,2.656842197701637,0.4582551545562551,-0.8484547210461874
305,1.858274505556405,3.228795122174095,-1.2145576922955086,-0.8484547210461874
306,2.5197084924136797,1.956397360650698,1.819732501001483,-0.8484547210461874
307,1.5675360339770918,2.5346793076472816,0.893940508753805,-0.8484547210461874
308,2.0471704863023,1.599037497268793,0.5160195088428636,-0.8484547210461874
309,1.7687916464908031,3.002084344045498,-0.3610640187386689,-0.8484547210461874
310,2.0499206969175443,3.126073702452918,-1.2928589762464564,-0.8484547210461874
311,2.333475543467855,1.5422219579352545,-0.3741160751070165,-0.8484547210461874
312,1.7991404360075187,2.463923574635492,-1.1335294453464415,-0.8484547210461874
313,1.6173516502841776,2.497763607454201,-1.1664779727866421,-0.8484547210461874
314,2.5660863527316042,3.0511612499512064,1.4966659514571599,-0.8484547210461874
315,2.4766365325230404,2.4650690842272933,1.09712320738863,-0.8484547210461874
316,1.4750387845708683,1.983914824724675,1.8964045433510808,-0.8484547210461874
317,0.5051303303386714,2.7144840489394637,0.8016735459794326,-0.8484547210461874
318,1.4484364988860299,2.5271679739021686,-1.1499411009007927,-0.8484547210461874
319,1.3169200562373324,1.842532355965194,-1.0264459400728272,-0.8484547210461874
320,0.5606495655155244,2.368969900100837,-0.4888392012543681,-0.8484547210461874
321,2.5349466488821317,3.0110678590967206,1.600479892268985,-0.8484547210461874
322,1.552553779674594,2.953664049461535,-0.20859781750871045,-0.8484547210461874
323,1.1148568451354188,2.4041926198634958,-0.35070753314543324,-0.8484547210461874
324,2.4844070125326807,1.9666139779551859,1.7704411045719288,-0.8484547210461874
325,1.3554187495157297,0.902656292412248,-0.6684888324864917,-0.8484547210461874
326,0.09445171334163123,2.566992765610075,-0.46766704004894843,-0.8484547210461874
327,1.578918883098362,3.0938489254729578,-0.9589776703898929,-0.8484547210461874
328,1.2304397429295753,3.1118689238116084,-0.675209275933363,-0.8484547210461874
329,0.7388983096213838,3.0057617586376977,0.16530559260140204,-0.8484547210461874
330,1.7047489987391622,2.2737051051235455,-0.4404645133402413,-0.8484547210461874
331,1.1487391068488333,2.1617768053643434,-0.6820763136494252,-0.8484547210461874
332,0.3215260434527295,2.4754305902133082,-0.8881854785078369,-0.8484547210461874
333,0.3081772160624048,2.3743948879186787,-0.46925414237542995,-0.8484547210461874
334,1.566270317438032,2.9512534743983934,-0.4243740758400072,-0.8484547210461874
335,1.7717043321783519,2.859566477660347,-0.2675997198331902,-0.8484547210461874
336,1.2479272148364156,2.458208427155646,-0.9594346483373355,-0.8484547210461874
337,1.5925351225476243,2.3065024341995515,-0.6352122458171501,-0.8484547210461874
338,1.783294131871363,2.3028823157473317,-0.8865497977026584,-0.8484547210461874
339,2.1736294571562738,2.52541669410923,2.480367929006121,-0.8484547210461874
340,3.045429672757162,2.910320400577095,1.079899019063424,-0.8484547210461874
341,2.666926999633545,2.9013994135366064,1.5507270636216053,-0.8484547210461874
342,1.2111641035341687,2.472650596776902,0.6677860313463166,-0.8484547210461874
343,1.8374631089375946,2.8729589558518955,-0.45207667071563407,-0.8484547210461874
344,1.5025882801014065,2.958949893746624,-0.49159552829539543,-0.8484547210461874
345,0.3876748695945652,2.4252548388527813,-0.9864197873434519,-0.8484547210461874
346,1.8914513146135423,1.955104285027011,2.1276267709083334,-0.8484547210461874
347,1.577671183744335,3.0175470178540547,-0.9693667450104222,-0.8484547210461874
348,1.6367052981190195,3.0026960270764547,-0.9676386621489506,-0.8484547210461874
349,1.2519461985026636,2.905371084499658,-0.16859795940465175,-0.8484547210461874
350,-0.34675684492750175,1.8081784521027024,-0.4084402620760037,-0.8484547210461874
351,1.1359901745135583,2.4110391964646576,-0.9800636638413716,-0.8484547210461874
352,0.5495634107721493,2.144701698022826,-0.0688551903116737,-0.8484547210461874
353,2.4728906130955277,2.2615967189725215,1.0281983127542527,-0.8484547210461874
354,2.856608357699988,2.8881852576937614,1.1784147117081394,-0.8484547210461874
355,2.4668520679456756,2.4164195813822626,2.3629470102754713,-0.8484547210461874
356,2.480023918205871,2.3729501133630273,2.557357037447667,-0.8484547210461874
357,2.305092125878091,2.926777463426434,1.6461766140088692,-0.8484547210461874
358,2.5627206441968235,2.8734093132650576,1.4708012692060515,-0.8484547210461874
359,3.225022763052851,1.5476126285386842,1.5694715049140981,-0.8484547210461874
360,1.2967125245542996,2.965478907568974,-0.6049428660035644,-0.8484547210461874
361,0.5781351534356393,1.9499160740804358,2.2792313149567827,-0.8484547210461874
362,1.2154875325039578,2.8504262613664166,-0.8960473194769962,-0.8484547210461874
363,1.3071401061975054,2.9628888643889515,-0.6805940789757003,-0.8484547210461874
364,0.4496751717584183,2.2371389028300053,-0.6932387901384987,-0.8484547210461874
365,2.8225793699872344,2.7632751224047634,1.5260812477422923,-0.8484547210461874
366,2.6673202461485324,2.6536893770087846,2.0270351307911185,-0.8484547210461874
367,1.3461106435744945,2.1639597659295555,1.7133970797643996,-0.8484547210461874
368,0.8675477951962886,2.651875594523743,-0.09758850106250619,-0.8484547210461874
369,0.7911005517981331,2.3844816353109404,-0.7168068841862061,-0.8484547210461874
370,0.23962213081914557,2.3462987429889597,-0.9707205142937021,-0.8484547210461874
371,0.17768910970682206,2.2974020360976035,-0.7460809097491838,-0.8484547210461874
372,0.6979697528686845,2.3489435657376734,1.4701075800134138,-0.8484547210461874
373,0.13514172105461625,2.4049789838303828,0.20397267628598686,-0.8484547210461874
374,1.324799704238853,2.283337979316992,-0.9242316375395367,-0.8484547210461874
375,0.7576162797285371,2.3884649481249807,-0.88699535565903,-0.8484547210461874
376,-1.3070999432799122,0.7693133144917794,0.8001866541068015,-0.8484547210461874
377,0.3541445630805735,1.2612591853227464,0.26785446030267623,-0.8484547210461874
378,-0.8493082519913236,1.7548054517927052,1.2395922426250467,-0.8484547210461874
379,2.8158595455150834,1.1750718391999004,0.8170592219351355,-0.8484547210461874
380,1.8580421524715147,1.891948403231568,1.5114153477589745,-0.8484547210461874
381,1.3120760726541911,2.1537855981108973,-0.7905192654239477,-0.8484547210461874
382,1.5454648909094615,2.674269318474585,-0.0769303455297522,-0.8484547210461874
383,-1.7300396330350258,1.6031911013431988,0.4405449415443265,-0.8484547210461874
384,1.8368850099015885,2.0623084059315335,2.9151744877944488,-0.8484547210461874
385,2.2296119430160473,2.777598179739476,1.8222771890182774,-0.8484547210461874
386,2.1105304251100176,2.2772107716243486,1.086321089336963,-0.8484547210461874
387,2.0492921546110403,0.4884326799698624,-0.3081237779633488,-0.8484547210461874
388,0.44081074592792835,1.8209586245556213,2.5578343160913812,-0.8484547210461874
389,-0.6409892064154592,1.6791705203475007,2.1405720396163814,-0.8484547210461874
390,0.9785836534555856,3.0013420702319906,-0.8564065133553873,-0.8484547210461874
391,1.5232891202672283,2.7665215076255283,-0.49558565777936203,-0.8484547210461874
392,0.9732733497607573,2.859382649942752,-0.33436242047201437,-0.8484547210461874
393,0.9724355345974292,2.350050527723104,-1.1407618506840218,-0.8484547210461874
394,2.733366120291052,2.74596921439231,1.2932229930649861,-0.8484547210461874
395,2.733366120291052,2.74596921439231,1.2932229930649861,-0.8484547210461874
396,2.703255736895797,2.7356348224810056,1.3193144063273738,-0.8484547210461874
397,1.6462070224530307,1.7632794493112356,2.393652317670299,-0.8484547210461874
398,1.8323056521857837,2.7577691843152756,-0.819082953716679,-0.8484547210461874
399,1.4135151491972142,2.1667759369593074,-0.93189657120894,-0.8484547210461874
400,-0.1590659890103097,2.0289269645304264,-0.3818133238755268,-0.8484547210461874
401,-0.06721298008253497,2.2342292373410517,-0.657721996557996,-0.8484547210461874
402,2.535655245600286,2.785306129671076,1.2108404895778782,-0.8484547210461874
403,-0.749032458887879,1.6184147556848365,2.436229594947766,-0.8484547210461874
404,1.66745729271234,2.8627343167275443,-1.1164984811959384,-0.8484547210461874
405,2.1331473147911977,2.0749951988417497,-0.40062086116720075,-0.8484547210461874
406,0.2367842140810852,2.3600756374345155,1.0132275058417268,-0.8484547210461874
407,-0.03207808829259611,2.3117943579308746,-1.2010260155811225,-0.8484547210461874
408,-1.457867478915336,1.8337502037179303,-0.14760025879760916,-0.8484547210461874
409,2.5374993205444882,2.6078713236991042,1.7264162638976672,-0.8484547210461874
410,2.04602622045837,2.2422483908434026,0.9937689209497322,-0.8484547210461874
411,1.2482320348810672,-0.0100416332888613,0.8277475299620939,-0.8484547210461874
412,2.4416324478690403,0.6440376129220872,0.4369683349117382,-0.8484547210461874
413,1.3115029763711699,2.8090797616195746,-0.8092603573824073,-0.8484547210461874
414,1.3446546970838846,2.7432099202276987,-0.5515890665259521,-0.8484547210461874
415,-0.7249121971140501,1.9503375828166847,-1.222904168535261,-0.8484547210461874
416,2.47690758996864,2.699121513916126,1.4007160315056175,-0.8484547210461874
417,2.274097085494815,2.66200154372132,1.7355676220004026,-0.8484547210461874
418,2.1716288830751163,2.041523907777945,1.6239685774365673,-0.8484547210461874
419,-0.6094995448526394,1.5768415135287093,1.7202876096246549,-0.8484547210461874
420,1.0043627486410045,2.746081312681517,-0.246099551599158,-0.8484547210461874
421,-0.3100643665545063,2.5360818668452607,-0.6624530482878712,-0.8484547210461874
422,1.3368352157310919,2.6549122487547603,-0.3701551091951064,-0.8484547210461874
423,0.824752730549674,1.5814533036346947,0.6568440606419788,-0.8484547210461874
424,2.248084949248232,2.7240471635034877,1.4546518169034188,-0.8484547210461874
425,0.38877692679950926,1.9953236876780964,2.341013490880299,-0.8484547210461874
426,2.0729001346120244,2.0470418357967186,1.6088469591190309,-0.8484547210461874
427,1.1470346968975516,2.759067117915688,-0.6049352091848229,-0.8484547210461874
428,1.3955972661158322,2.528563212248736,0.12886834165456948,-0.8484547210461874
429,1.065762445540536,2.178895393072498,-1.0002417405994277,-0.8484547210461874
430,-2.8948741617489726,0.9403966743773612,1.3159730857902645,-0.8484547210461874
431,0.1180043102085241,2.162137371389952,-0.9939501791648242,-0.8484547210461874
432,0.14848915002177576,2.0511205701163444,-0.5362465669271015,-0.8484547210461874
433,2.8191137896306877,1.079639542833896,0.4714586028073749,-0.8484547210461874
434,2.131283849897819,2.357982704075051,1.9335075864409215,-0.8484547210461874
435,2.121949338337129,2.3404767385523546,1.9358102111739675,-0.8484547210461874
436,1.958513351404936,2.13078756212771,2.9082021728061402,-0.8484547210461874
437,1.7294024660667173,2.0805348457076214,3.3802499811759956,-0.8484547210461874
438,2.0619907350971087,2.610572430667776,1.9394324733073545,-0.8484547210461874
439,2.010794709183693,2.4916600336626766,2.5321790603806136,-0.8484547210461874
440,1.2335203977377636,0.35397421322122424,-1.9362344585344005,-0.8484547210461874
441,1.2988592335665463,2.7490453141279283,-0.8209172179737754,-0.8484547210461874
442,1.3870375358582465,2.6629535906928705,-0.5520844975709128,-0.8484547210461874
443,0.8685773502259809,2.7627857229729185,-0.41943302819955763,-0.8484547210461874
444,0.8755588152355853,0.682085561755558,-0.19628553742771207,-0.8484547210461874
445,1.4192521180071695,2.4496472015638435,0.27017907803752383,-0.8484547210461874
446,1.0113259772984817,2.1353407823106894,-0.8520683661857857,-0.8484547210461874
447,0.6711697415304542,2.103999714766456,-0.42475712943664357,-0.8484547210461874
448,-0.1772910837595911,-0.10036873801584789,0.42445557304378495,-0.8484547210461874
449,2.110259330284816,2.0243100823140288,3.200909256718801,-0.8484547210461874
450,2.4931294133375794,2.4715989209940163,2.091760739244033,-0.8484547210461874
451,2.365083391831877,0.9984045056271611,3.6282361721400394,-0.8484547210461874
452,0.6384117251617326,1.9872737375815606,-0.30388012348093146,-0.8484547210461874
453,0.8923915728304661,2.2750330103210095,-0.8088233432488352,-0.8484547210461874
454,1.246126304738135,2.479707353809281,0.26727066407856215,-0.8484547210461874
455,1.3195155190463081,2.001368655288341,-0.6546359229136912,-0.8484547210461874
456,0.9276400236940404,0.7343075441392559,0.19030489505181347,-0.8484547210461874
457,0.04186510723470686,2.0470444128634524,-0.5586791296009984,-0.8484547210461874
458,-1.9700084058647087,1.7128419795220886,-0.0026280279450986385,-0.8484547210461874
459,1.532147321887997,1.1213058893799497,2.2369746483050044,-0.8484547210461874
460,0.6537084444057273,2.793319417976894,-0.6083175792971678,-0.8484547210461874
461,0.6459828095798276,2.1150511657207196,-0.6168870259817738,-0.8484547210461874
462,-0.34567899909223243,0.136452020477997,-0.9811761718983141,-0.8484547210461874
463,0.02003780121687141,2.0779884181877364,-0.809149179682175,-0.8484547210461874
464,1.2871028035997836,1.7128869677360512,2.2724629455140386,-0.8484547210461874
465,-1.4892249656319159,0.8642319829608511,4.439871345128416,-0.8484547210461874
466,0.6170226938419717,2.3125636457929386,0.21587672822804788,-0.8484547210461874
467,1.2051888222913223,2.564467942161414,-0.4104411231427707,-0.8484547210461874
468,0.7344190624502315,2.6386784581156215,-0.21056390531441418,-0.8484547210461874
469,1.0920766053548392,1.9857625752436732,-0.8176059721630293,-0.8484547210461874
470,-0.5733744035420367,2.1008064615638338,-0.532981412727553,-0.8484547210461874
471,1.771348584418088,2.4412811239521583,1.6429168360088102,-0.8484547210461874
472,1.133018632475858,2.451187506815776,0.0531256704742501,-0.8484547210461874
473,-0.41291874135231976,0.7864377850067832,0.6363108294056279,-0.8484547210461874
474,0.14795564061873612,1.9892640143035278,-0.011589405621504458,-0.8484547210461874
475,-0.01620638534570589,1.9966642973498385,-0.6127066521919321,-0.8484547210461874
476,0.8406942748033742,0.5779736411418899,0.41457595613890275,-0.8484547210461874
477,-1.4148098342977133,0.9149146257937801,3.6300110959324057,-0.8484547210461874
478,-2.340959728455576,1.1538022087923618,1.3390709278514934,-0.8484547210461874
479,1.458741043897375,1.7764700366167583,1.9098841385278778,-0.8484547210461874
480,1.595656287192846,0.8098914003325198,-1.040439093053155,-0.8484547210461874
481,-1.1007435217411836,2.0321339840447705,-0.35721509930646356,0.0690602679921315
482,0.16760862667281323,2.07440368839059,1.3871317568132204,0.0690602679921315
483,1.757893760923367,2.449533699781753,-1.2269648101260677,0.0690602679921315
484,1.6564806054016743,3.1604870563512204,-0.8230312857795412,0.0690602679921315
485,1.1358488812089076,2.59663676743527,-0.3807650796064329,0.0690602679921315
486,-1.603291913363397,1.978137258543297,-0.34634412416351656,0.0690602679921315
487,0.7392358408843039,2.5081486649639504,-1.4149287056813473,0.0690602679921315
488,0.7353646084267261,2.3744626703465057,-0.8069379087046322,0.0690602679921315
489,-1.5454677438803823,1.996036807230331,-1.3341784888576134,0.0690602679921315
490,-1.4050180007715887,1.988680248960064,-0.5739127509992039,0.0690602679921315
491,0.5055850620372266,2.355478306483231,-0.8816619518629593,0.0690602679921315
492,-1.36480068512421,1.9404599989856073,-0.41445227811610486,0.0690602679921315
493,-1.8896725966732235,1.686597183907441,0.14334417130442287,0.0690602679921315
494,-1.042546443931206,2.00284419148445,-0.7797329747874164,0.0690602679921315
495,-0.27642867130831467,2.0287836892412456,-1.4486575219806408,0.0690602679921315
496,-1.6162456882892593,1.8020842960783536,-0.08181560952452738,0.0690602679921315
497,-0.5258327724116391,1.7813679578819062,-0.33073910492990743,0.0690602679921315
498,-2.418009002523498,1.418249026475892,-0.2654410782471145,0.0690602679921315
499,-0.30828317933831484,2.0418047302950018,-0.44232150341649645,0.0690602679921315
500,-0.568504882988583,1.9878364402397437,-0.48084510229756117,0.0690602679921315
501,-2.1340303247390517,1.7383673025865818,0.41640047331042235,0.0690602679921315
502,2.009906373372649,1.9608733767176634,1.5270257333283288,0.0690602679921315
503,1.5883740372831192,2.1154828157318346,-0.7851264597986514,0.0690602679921315
504,0.45820599995015576,2.1764776083200443,-0.9594090484539088,0.0690602679921315
505,0.39172257630161483,1.3129251754701934,2.034589518419974,0.0690602679921315
506,0.1230013135980464,2.101715670785795,-0.391204540936527,0.0690602679921315
507,-0.5164930918189976,1.4442245850411408,2.705010894629728,0.0690602679921315
508,-2.079044071335305,1.557632176329467,-0.06542877596393927,0.0690602679921315
509,0.032366160375553156,2.1265965022147113,-0.8262132233220638,0.0690602679921315
510,-0.6344481870173958,1.85676607864006,-0.55167525277465,0.0690602679921315
511,-2.3039707877481352,1.3156139761377574,0.03756818173445803,0.0690602679921315
512,-1.0563049925318175,1.6147811708708113,1.5726588337097123,0.0690602679921315
513,0.17922728391719336,1.6274893653866433,0.38058684114838826,0.0690602679921315
514,-1.581121436830754,0.5218250858191178,4.2534444841885355,0.0690602679921315
515,-0.35407968008386154,1.8760389738099048,-0.7219981705097844,0.0690602679921315
516,-0.5780587962434625,1.909660708258523,-0.30190343033228884,0.0690602679921315
517,-2.8772977349374496,0.9918221757217576,1.1070410147997285,0.0690602679921315
518,0.3920419889036477,2.694918204465974,-1.17845070271835,0.0690602679921315
519,-1.1094390518078092,2.0198517556022773,-0.6778899322173715,0.0690602679921315
520,0.3093250157756754,2.4650904523178467,-0.9247767481997909,0.0690602679921315
521,0.5069206937094666,1.9085675778884155,2.5792871160082504,0.0690602679921315
522,0.889811174334281,1.7386416516508614,0.6238402822758089,0.0690602679921315
523,-2.102448723691253,1.4339696199119667,0.8006113951577789,0.0690602679921315
524,-1.508565677253875,2.0348968110143626,-0.42433630147648693,0.0690602679921315
525,-0.16512163926838078,2.3750042241332774,-0.7986864381912551,0.0690602679921315
526,-2.4861473161251273,-0.4020417953113512,0.5726189465184055,0.0690602679921315
527,-2.603776881448436,1.526282630420521,0.17815368535257964,0.0690602679921315
528,-2.374975710068071,1.6159673232869871,0.8385732109938486,0.0690602679921315
529,-2.405112693042807,1.4909689316001995,1.023231388427506,0.0690602679921315
530,-2.3437756397952914,1.210658562684172,-0.3271188012431196,0.0690602679921315
531,0.2160713165789674,2.2017375602358356,-1.1322299100028976,0.0690602679921315
532,-2.112723370834595,1.5398527781406781,0.3453135012016476,0.0690602679921315
533,-1.635875347162178,1.8428187502441065,-0.23317149356984593,0.0690602679921315
534,-0.9262387645847908,1.124443763834981,-0.4454733700640085,0.0690602679921315
535,-2.232742549434302,1.7127789287784427,0.02367684691553512,0.0690602679921315
536,-2.0447889863696003,1.3619470243281944,0.22404774697617574,0.0690602679921315
537,-1.7422011740142445,1.799708791342721,-0.11067942839759762,0.0690602679921315
538,-2.2423568085426666,1.3459117251706572,0.5997896131963747,0.0690602679921315
539,-1.9836482172139795,1.4685623005505477,0.2837451862245316,0.0690602679921315
540,-2.194207592880211,1.2860530802132408,0.42921552096653703,0.0690602679921315
541,-2.844263130393858,1.2759945550122267,0.5736787781693758,0.0690602679921315
542,-0.5378624029656538,1.3582863002191652,1.2335408992195034,0.0690602679921315
543,-1.9614399505421172,1.3150596089059317,0.20603556581541776,0.0690602679921315
544,-0.8182698561958063,1.778009728481735,0.11738315175041968,0.0690602679921315
545,-1.9362310131707854,1.6271273854188797,-0.9822608754701315,0.0690602679921315
546,-0.7381626093269688,1.9980991993106612,0.6866895454524408,0.0690602679921315
547,-2.1525466961274096,1.7250580435657192,0.22757997398450092,0.0690602679921315
548,0.7970475834491302,1.4352313696982748,0.19950418517338522,0.0690602679921315
549,2.3692322234869034,1.8078204328827712,1.838649308174683,0.0690602679921315
550,-0.9492043887996079,1.6974239372815605,2.013988013888003,0.0690602679921315
551,-1.787001397196296,1.643803985485214,0.4624313781695626,0.0690602679921315
552,-1.6100642511733518,1.7029387016539992,-0.07572782498333219,0.0690602679921315
553,0.6854632424032854,1.9101191080618394,-0.8807921006571213,0.0690602679921315
554,-2.539891627844102,1.2349323819542763,1.4698716323062222,0.0690602679921315
555,-1.9665295883104632,1.6470097771648171,0.2793619862920848,0.0690602679921315
556,-2.0864497497011416,1.5288103626091427,0.04007381499517432,0.0690602679921315
557,0.8127165118211856,2.1186340730839692,-0.5152563976625275,0.0690602679921315
558,-2.763705269337497,1.0066690444572597,1.9670901128078733,0.0690602679921315
559,-0.8032766789809352,1.954836733048067,-0.43401809242225586,0.0690602679921315
560,0.8256266680126474,1.8769369962379507,-0.018212415432880102,0.0690602679921315
561,-1.0793452753546395,1.585656432058785,1.2846781256012136,0.0690602679921315
562,-2.502749988461637,1.4860063868868847,0.3389107383505496,0.0690602679921315
563,2.196003318183292,2.3604851017906676,1.9526493021050897,0.0690602679921315
564,-2.6150709263077463,1.0497306447346246,1.3297955256815914,0.0690602679921315
565,-2.855015140130809,0.7478707681554588,2.532805695342154,0.0690602679921315
566,-1.8283766425448549,1.682013078667809,1.1437280387302253,0.0690602679921315
567,-0.271223685341782,2.021730213906431,-0.6149019480679949,0.0690602679921315
568,-2.0692503952990315,-0.04181357388148211,1.569523388400417,0.0690602679921315
569,-2.8615896215086356,0.8449820961634409,1.2152209715375504,0.0690602679921315
570,-2.4921316615180467,1.412918797193337,0.2155171916135677,0.0690602679921315
571,-2.051499228446594,1.5659201808443453,0.3896061525328791,0.0690602679921315
572,-1.7745267327655911,1.6448130052090604,0.251188574312518,0.0690602679921315
573,0.11879614666588041,2.3543334822532045,-0.8031807194636149,0.0690602679921315
574,-1.2878109874254506,1.7604279660592677,1.758578005786594,0.0690602679921315
575,-2.4277957469630804,0.8633192595436526,1.7422586358432361,0.0690602679921315
576,-1.8368558759446305,2.015507214168768,-0.3557965800720855,0.0690602679921315
577,-0.6710552028831259,1.9314966348167169,-0.3414510177855262,0.0690602679921315
578,-2.6519469584028315,0.9280473389990603,1.8550032780506425,0.0690602679921315
579,-1.9668377399803492,1.4533056353747411,0.26300758794419643,0.0690602679921315
580,-2.6586019114609285,1.3580883838064373,1.0035328056947082,0.0690602679921315
581,-0.2964298941956245,1.281120294196727,3.4883705945402648,0.0690602679921315
582,-2.376375268423227,0.7533528735367374,1.3777039222328615,0.0690602679921315
583,-0.3885422496859794,1.4274314087637292,3.6068131138093578,0.0690602679921315
584,-2.6762026368052325,0.9137633235468487,1.4577895737921867,0.0690602679921315
585,1.5441774527008834,0.19635405459478084,-3.4876112630264227,0.0690602679921315
586,0.8883155598940753,0.22604341715392473,-3.4701395310007257,0.0690602679921315
587,-2.033689076148106,1.2678696096125512,-1.8200282190791435,0.0690602679921315
588,1.5349479118534746,-0.3397216115012943,-1.1679811569838023,0.9865752570304503
589,1.887189577451868,0.8991756034846186,-0.08702938068801153,0.0690602679921315
590,2.467754932235043,0.2866288193435269,-3.7404940269010853,-0.8484547210461874
591,-0.9430647758475899,0.9195714712598955,-2.0442145958576994,0.0690602679921315
592,0.5582938101193704,0.9254294540841947,-1.9105583679915854,0.9865752570304503
593,0.296973536890364,-0.25544774995403274,-2.4934645375266267,0.9865752570304503
594,0.6350348499182263,-0.23375987386982572,-3.15265414355892,0.9865752570304503
595,-1.4633350187100098,0.24088129197355848,-2.9238503988126814,0.0690602679921315
596,-2.1986705349102174,1.2248926895612793,-1.315513721880096,0.9865752570304503
597,-0.7754281424913066,0.12575645629765522,-3.1143650871318376,1.9040902460687692
598,-2.2843539205605468,0.4573463960888167,-1.8306227977811576,2.8216052351070884
599,-1.9196375285465328,-1.2112958165253296,-1.6837119572797115,0.9865752570304503
600,1.5626499612836424,0.044568138140214,-3.3378277807555516,-0.8484547210461874
601,-2.6078005356962226,0.5397033958422139,-1.7703551277304999,0.0690602679921315
602,-0.2854131695497528,0.480323675170441,-1.5430971091503938,0.0690602679921315
603,-0.7818218810231149,0.24247633783058445,-0.9065671869767619,1.9040902460687692
604,-0.34322874460183006,-0.7897319119610268,-2.0154723756952686,0.9865752570304503
605,-2.4022540125188945,0.6262259180982815,-1.3853626312033307,0.0690602679921315
606,-0.6039199974575222,1.4507074288421598,-2.1276769508827473,0.9865752570304503
607,0.8326843041556745,0.6192349973217066,0.7815911229329171,0.0690602679921315
608,-2.28559760762337,1.0034957748237534,-1.5858911799306141,1.9040902460687692
609,-1.5558675796269095,-0.8794937211089996,-1.6613219888543407,1.9040902460687692
610,-2.0459339479736673,0.8226182284600094,-1.2048549204581334,0.0690602679921315
611,-0.4041540220065323,-0.7349556788932378,-0.39290913296588853,0.9865752570304503
612,-0.8362767791608946,1.433928546296017,-2.029219862322818,2.8216052351070884
613,-0.37393689277874,0.4635404636761237,-1.4299821892926534,1.9040902460687692
614,0.8605879632278789,-0.12316434715283897,-3.1510771305127485,0.9865752570304503
615,-0.9331957749159001,0.4032701623344414,-1.082623248414876,0.0690602679921315
616,-0.78958213149631,0.820799259116056,-1.47639539898872,0.9865752570304503
617,-0.8540062512137371,1.043976529063827,-2.062459471169722,0.9865752570304503
618,-0.9519181363915996,0.9157658308992884,-2.106247763713598,0.9865752570304503
619,-2.773475006120205,0.23898088468261316,-1.4220289893664149,0.9865752570304503
620,-2.053309343382464,-1.0834435929219628,-2.2886618293375047,0.9865752570304503
621,0.8536714766504261,1.3125338753165987,-1.5188695929933627,1.9040902460687692
622,-0.326997738037012,0.10514240125495579,-1.3206226631547302,-0.8484547210461874
623,0.09251607658530905,0.9463399370750896,-2.3570099430014095,0.0690602679921315
624,-1.5870366262686753,-0.9037385191531654,-0.2641707622184012,0.0690602679921315
625,-0.9173493121712252,0.9113393004145172,-2.210171408106505,0.0690602679921315
626,-0.24199398273311887,-0.37319672966770434,-2.8697203688620743,2.8216052351070884
627,-2.4846589162909694,-1.020793094519065,-0.5726821677193609,0.9865752570304503
628,-2.189373756552188,-0.5444945283679573,-2.7421925886228378,-0.8484547210461874
629,-0.5246377914850696,0.7997556370920631,-2.263721629966997,0.9865752570304503
630,-3.2258132016961083,0.09231418973392161,-1.3193226122534434,1.9040902460687692
631,-1.2519364967330908,0.46301692894150365,-1.3943501588354323,0.0690602679921315
632,0.9389211676234717,-0.17106188037707293,-1.4875019942553611,-0.8484547210461874
633,-0.22331390645813812,1.1538887290822004,-2.0229239413575932,0.0690602679921315
634,-1.1368329121978118,-0.9733686576948101,-2.111817637129157,2.8216052351070884
635,-1.5025722190265365,0.9142450344084501,-1.868777703437538,0.9865752570304503
636,-0.2613807989933538,0.887508478179696,-2.097300182504271,-0.8484547210461874
637,0.1780551502149783,1.179955859706034,-2.232664375699934,0.9865752570304503
638,-0.03253694811128951,0.1335829417733915,-0.15288283670378727,0.9865752570304503
639,-0.6349784190372425,-0.38087390132828436,-1.9864508263896945,0.0690602679921315
640,-3.0934035468087813,-0.9526844645522279,-1.581090387534443,0.9865752570304503
641,-0.8385554284523712,0.7220046107491351,-0.8207188806748151,0.9865752570304503
642,-3.0782861661128593,0.08780436284242807,-1.1565467942181962,1.9040902460687692
643,-1.8738150678012466,-0.8669174338025104,-2.170994577205933,0.0690602679921315
644,0.6502987239718186,1.1043279106163693,-2.0565410804188016,0.0690602679921315
645,-2.1030964982598546,-1.2430144308496436,-1.3996191048367868,1.9040902460687692
646,-2.9028073801968644,0.5530689072288051,-1.0368290421509072,0.9865752570304503
647,-2.6837097831426493,0.9078030791406496,-1.1905035875074783,1.9040902460687692
648,-3.363303132084643,0.1409284531902906,-0.9891793885378505,0.9865752570304503
649,-0.13818575833525906,-0.23452071088568482,-3.156014077418009,0.0690602679921315
650,0.1524255972797274,-0.36792766055308657,-3.044638682005668,0.0690602679921315
651,-3.3848262595926584,0.3208797619745206,-0.07462435113635077,2.8216052351070884
652,-2.5042375320852104,-0.29477870179428667,0.46981739638291176,0.0690602679921315
653,0.2965270550099608,0.5972787233021752,-1.6189732838232818,0.0690602679921315
654,-1.1970794965348617,1.275823390890017,-1.953099479535068,1.9040902460687692
655,-0.19171410402152825,0.5280941367355289,-1.7010195442742464,0.9865752570304503
656,-1.6707716827430033,-0.7680954355863722,-2.3869662536276017,0.0690602679921315
657,-2.8390075549226506,0.25230219701934115,-1.3864786556069593,0.0690602679921315
658,0.7263250647225051,-0.7266470983626389,-2.8186720737779587,0.0690602679921315
659,-0.46098245601830246,-0.3745226689333949,-2.694196811845513,1.9040902460687692
660,-3.108499801658563,-1.0997066458925906,-0.9334246442732426,0.0690602679921315
661,-2.631311981730134,-0.9961913041916404,-2.4566921552682643,1.9040902460687692
662,-3.5784371057436246,-0.13634455332104023,0.0330888933257417,1.9040902460687692
663,-0.7074593339463208,0.9102270416610468,-1.3700072861865285,0.0690602679921315
664,-0.7196291870197792,-0.007107340051470479,0.5162761172655012,1.9040902460687692
665,-1.8442219016523478,-0.8460477882723317,-2.519241068355162,0.0690602679921315
666,-1.1066962745175157,0.9231839414663651,-1.7832667068588377,0.0690602679921315
667,-2.880730695430248,-0.8201454547901098,-2.4821132597354323,1.9040902460687692
668,-1.2189752607478967,-0.6726866622997861,-0.9555653803936931,1.9040902460687692
669,-1.89041154818964,0.804869368125147,-1.368132000327898,1.9040902460687692
670,-2.8511668075674983,0.35055409590710945,-1.254183669522142,0.0690602679921315
671,-3.1645889850130886,0.01572443591907088,-1.0847917319248872,0.9865752570304503
672,-1.9482424572413768,-0.29760381416034926,-0.07009747602236932,0.9865752570304503
673,2.030288552540389,0.17348508717835745,0.8109841113074928,0.9865752570304503
674,-2.117500544430152,-1.246298868524894,1.1341731503315498,0.0690602679921315
675,0.19749568505112008,-0.39650567707865714,-0.5640989380625917,0.0690602679921315
676,-1.4233751435221274,0.13185492602107143,-0.6249071498918011,1.9040902460687692
677,-2.8268508280440523,-0.879167858518194,-2.1145099494607598,0.9865752570304503
678,-2.0513020765361865,0.30598719136465136,-1.2313093328484663,0.0690602679921315
679,-2.71890187888713,0.00011726286665283713,-0.3170368416110464,1.9040902460687692
680,-0.6161028537813894,1.2549270692053724,-2.086031515790927,0.0690602679921315
681,-0.3236484350800761,-2.1771003849808874,-1.5436760065048998,0.9865752570304503
682,-3.253249586500461,0.42769728597775386,-0.7179556736955477,1.9040902460687692
683,-1.1856487876870898,-1.5184728967722458,-1.150959363657487,1.9040902460687692
684,-2.437426949820474,-1.1809090576552776,-1.932372577306308,0.0690602679921315
685,-0.9722904044585995,-0.3730829679141246,1.956069771882966,1.9040902460687692
686,0.31670559323805964,-0.4364795868334708,-0.8050743833181087,0.0690602679921315
687,-2.731626780588349,-0.700316628116226,-2.2319270970222385,0.0690602679921315
688,-2.881642052646307,0.35266729526821755,-1.5867336519400417,0.0690602679921315
689,-0.13047150461441911,-0.7357894457010299,-2.4447898213083614,-0.8484547210461874
690,-0.599538953918301,0.535687886920437,0.5966817252950454,0.0690602679921315
691,-3.370496730583949,-0.0843901064456628,-0.9910428196916289,1.9040902460687692
692,0.5406904126065641,-1.2331416265225352,-0.1472372784063784,0.9865752570304503
693,-2.5134210092963754,-1.6877894584997932,-1.3718947601478284,1.9040902460687692
694,-0.530013642539926,-0.8664228285097758,-2.4057353843914226,0.0690602679921315
695,-1.1085224269010132,0.89105161774728,-1.5738515187296542,0.0690602679921315
696,-3.501455994479848,-0.1973620996505151,-0.3853832641625728,0.0690602679921315
697,-3.0302600459727054,-0.5721698096322179,-0.7744624897905934,1.9040902460687692
698,-0.953836833522827,-0.9358011991523733,0.20754070706019412,-0.8484547210461874
699,1.709167739074994,-1.838843442421044,1.1159017712184192,0.0690602679921315
700,-0.03609979098475997,-0.7471837393362833,-0.9797008597158385,0.0690602679921315
701,-3.948667419281226,-0.3705807798625733,1.5865555816601502,0.9865752570304503
702,-1.2240692501086199,0.9385017427132383,0.11748071838827888,-0.8484547210461874
703,-3.3414407010719342,-1.2922154133100672,0.0732014014035744,0.9865752570304503
704,-2.5241897171301404,-1.5854434087543365,0.04356992511545765,0.0690602679921315
705,-2.3588893320042676,-1.281493265629475,1.138639775203892,-0.8484547210461874
706,0.1372371660904859,-0.9420416959074974,-0.7321198602478053,-0.8484547210461874
707,-3.6564518933622803,-0.22378845055679608,1.6929354709515778,1.9040902460687692
708,-2.4500187092544667,-0.1824721524302384,1.6318440972317674,-0.8484547210461874
709,-0.9895239633263232,-1.1403583678754123,-1.299367431534747,1.9040902460687692
710,-0.5153900814684625,0.5651958386716988,1.64786916918133,0.0690602679921315
711,-0.12878408174028053,1.2596691238148205,0.21262602695131583,-0.8484547210461874
712,-3.3564339637408613,0.06334956176457048,1.1149845545672714,0.0690602679921315
713,-2.007822737301204,-0.08366331336748481,-0.24169742136102032,0.0690602679921315
714,-3.0977710053042413,-0.22862146902439628,1.2518213991377771,0.0690602679921315
715,-2.011761831372544,0.606302944150604,0.41626897706678284,-0.8484547210461874
716,-3.989681627605358,-0.9757300483646935,-0.5820557352592899,2.8216052351070884
717,-2.5578028518523843,0.6852481065070013,-0.41344381466645896,0.0690602679921315
718,-2.17045881637651,-0.9692753854359818,-0.3260924933696531,-0.8484547210461874
719,-3.5193443815789425,-0.21908906530132272,0.8992092281413347,-0.8484547210461874
720,-0.45409970515817943,-0.539119910752763,-1.909976778991251,0.9865752570304503
721,-2.482808601146804,-0.09018918292435196,0.9946060610227837,0.0690602679921315
722,-2.2380023689946156,0.14528156725805516,0.9940486642860056,1.9040902460687692
723,0.2843780701370433,-1.2980680798707014,-0.6299838144525884,0.9865752570304503
724,-2.363206558145233,-0.09462785828280029,1.00648118220751,0.9865752570304503
725,-3.1506931287865116,-0.1641902379974216,1.0692866879573864,0.0690602679921315
726,-2.946744221514235,0.32125235867697305,-1.3290665824740975,0.0690602679921315
727,-3.2135486466178653,-1.8463580843012077,-0.13701870725867374,1.9040902460687692
728,-3.390529701309037,0.0898954106384698,0.7201565323105362,1.9040902460687692
729,-2.099187879666675,-0.6625041290977453,-1.127081231746102,0.9865752570304503
730,-3.4190846307254086,-0.07962783373523619,1.2288828358134956,1.9040902460687692
731,-2.3876399656805454,-1.4967475465687934,-1.5811980795385328,-0.8484547210461874
732,-3.2487454354004655,-0.04350147109554126,1.2150413363971517,-0.8484547210461874
733,-2.0008349615584278,0.7214996320756343,-0.21792906053663988,1.9040902460687692
734,-0.6890484074016769,0.6921492818583185,-1.0186533792343735,0.0690602679921315
735,-1.2104623769466059,1.0859297285837837,-0.11984494244065838,-0.8484547210461874
736,-3.384624878772191,0.25413100911128733,-0.3022898367798081,0.9865752570304503
737,-2.983806939741656,-0.7479860260510226,-1.0719412514738431,0.0690602679921315
738,-1.07984469834093,1.2326983450073723,-0.7972425895752606,-0.8484547210461874
739,0.6796431582610661,1.2824614408616428,-0.8523531883230617,-0.8484547210461874
740,-2.7441393569765724,-0.43852687498460163,0.691404868275577,0.0690602679921315
741,-3.446638511197904,-1.8038566962849505,-0.4241559519263382,0.9865752570304503
742,-0.026793202698016598,0.9786289870444235,-0.07668534068846988,-0.8484547210461874
743,-1.1206468393927793,1.1901985403204483,-0.7886785798772604,0.0690602679921315
744,-3.3185559901691883,-0.060455655851772046,0.2721858703649463,0.9865752570304503
745,-3.155565225812227,0.04878455845341985,1.1935506622294556,0.9865752570304503
746,-3.350017266246441,-1.4900619176912497,1.4415754630534567,0.0690602679921315
747,-3.2239901175851604,-0.846398919165429,-1.1512395925887107,0.9865752570304503
748,-3.1204019130336373,-0.20205330840582458,1.5034881266609639,0.0690602679921315
749,-2.263798367974149,-1.1249505824681043,1.4623569010190667,2.8216052351070884
750,-2.112643639008642,0.71063232900785,0.5251668097848489,0.9865752570304503
751,-1.6305566391110233,-1.2994511189288123,0.05443651717698622,0.9865752570304503
752,-0.3762516368552067,-1.4962008750781226,-0.5337817338055518,1.9040902460687692
753,-3.473737567301099,-2.4759759042772846,-0.3936210794848971,0.0690602679921315
754,-3.4507479642973564,-0.05237604877035119,1.0285811425975522,0.9865752570304503
755,-2.9104880400252466,0.26651995570936227,-0.007378347371756912,1.9040902460687692
756,-2.188846851436083,0.25681347214627515,-0.055078080161398035,1.9040902460687692
757,-2.8141161522331974,-0.5186162148726859,1.163946134512199,0.0690602679921315
758,-0.8544228305913398,0.18589360233293006,0.6842121965641228,0.9865752570304503
759,-3.3031079745494587,0.26317296226222175,0.14297938432366877,0.9865752570304503
760,-1.8805357466681967,-0.1984235210049926,2.2043653516152566,0.0690602679921315
761,-2.29493842965461,-0.5136021420906101,-1.0309067357303696,-0.8484547210461874
762,-3.1754295346763253,-1.1911682422657182,-0.6062619413043914,0.9865752570304503
763,-3.450119338812399,-0.5334574318676932,2.64818989505036,0.9865752570304503
764,-2.724571943658179,0.30955876101611324,0.373824560110367,0.9865752570304503
765,-2.849949850470587,0.10944513643213889,0.47376903481406285,0.9865752570304503
766,-3.5129405174337074,-0.37209122602379785,1.2260031326842338,1.9040902460687692
767,-3.8987355154535432,-1.4007576024797677,-0.1852705182201286,0.0690602679921315
768,-3.6595498313682353,-0.18437082639223434,0.39599191104283815,1.9040902460687692
769,-1.8214819642058186,0.8610032990196332,-0.8872944334151651,-0.8484547210461874
770,-1.5678231706393224,-0.9878014894417174,-1.1478474192477262,1.9040902460687692
771,-1.0870896646242487,1.121197715881056,-1.0612585409264463,0.0690602679921315
772,-4.325151580154707,-0.4949016984713916,2.1870607523061527,1.9040902460687692
773,-0.12087336110190923,-0.09744801283085058,-2.107078419096704,0.0690602679921315
774,-1.1211137943603067,-0.3801565770247899,1.1109649361029907,-0.8484547210461874
775,-0.6953966180496176,0.4921590776582223,-0.14160751600822838,0.0690602679921315
776,-3.1003903013859526,0.2293103627531872,0.30796389148752673,1.9040902460687692
777,-2.1910753727069814,-0.8018725427114973,-0.3993738808811489,0.0690602679921315
778,-2.41885814629264,-1.4835256553749612,-0.027737589505631544,0.0690602679921315
779,-1.7246075486795858,0.35286728680457063,0.5488856057810126,-0.8484547210461874
780,-2.2681426901276414,-2.6461287025194373,0.20755831423410773,0.0690602679921315
781,-2.7609594386924257,0.5254797314684143,-0.19895353495427007,0.0690602679921315
782,-1.283475135700461,0.6306722595943169,0.19490370519307643,-0.8484547210461874
783,-1.8751680204476548,0.49908148098972294,0.4054439957921236,0.9865752570304503
784,-3.2278198421759234,-0.2178927627307493,1.0314438430348083,0.9865752570304503
785,-3.0613271494700114,-0.968518691553577,-1.0193164559302357,1.9040902460687692
786,-3.1933790453294866,0.2344794006223944,0.14683612142379884,0.0690602679921315
787,-1.213555092279069,-0.20859488539499849,-0.058662205887042074,-0.8484547210461874
788,-1.2980880320475592,-2.5065237027548672,-0.2947886598119139,2.8216052351070884
789,-1.868853992577551,0.4517160739532817,2.3855354236984727,0.0690602679921315
790,-4.220164144023315,-1.783536488371658,0.6942242895980557,0.9865752570304503
791,-0.8679666000061003,0.35456222601554327,2.8100428720989368,-0.8484547210461874
792,-0.3515749853941539,0.4835367128224112,0.5484502852191526,0.0690602679921315
793,-1.7278037460953062,-1.2714133046169978,0.2558497568597882,1.9040902460687692
794,-0.5155318623375106,-0.8877509998705605,-1.6054155281570976,0.0690602679921315
795,-2.253925065884574,0.782592329151485,0.25550684416587677,1.9040902460687692
796,-0.5449814122137497,-0.3516187385167825,0.3189324150516601,-0.8484547210461874
797,-2.164933583089761,0.2162491283247295,1.1136244947539804,0.9865752570304503
798,-4.254348803903662,-2.075183897514848,0.24191489670353403,-0.8484547210461874
799,-2.6373752360411467,0.18854831806546724,0.3042430859458278,-0.8484547210461874
800,-3.269113619636161,-0.49852994101500764,1.7810319647662136,1.9040902460687692
801,-2.529661328530275,0.874581484975732,-0.4425208577538695,-0.8484547210461874
802,-3.337657341834353,-0.04951404866408649,1.0685261268550235,1.9040902460687692
803,-2.6839479691457413,-0.27750556190463593,-1.1680728455287614,0.0690602679921315
804,-3.290518504498238,0.3523549160549757,0.2633074866037764,0.0690602679921315
805,-3.6009218463292267,-1.2162003177070868,0.08307191285053288,0.9865752570304503
806,-3.1860557314953133,-0.010408980697529862,1.0475347533996249,0.9865752570304503
807,-1.9841319353819797,-1.3003401172197717,1.3780867083448665,0.9865752570304503
808,-3.5232895575363217,-2.3395007772814473,0.12018643041593441,1.9040902460687692
809,-1.5201460959986024,-0.8474809761024661,-1.3493035890377947,1.9040902460687692
810,-3.669034950408728,-1.5234437655334907,0.9510643319356499,0.9865752570304503
811,-1.0683254882274353,0.623166719702307,2.0461043088886397,0.0690602679921315
812,-3.1257022829031897,0.10081442089454737,-0.36933872857919986,0.0690602679921315
813,1.2572752406071626,-0.7407410334005495,0.10410393085866017,-0.8484547210461874
814,-4.001571086878099,-0.6754076300878858,1.0189690934945252,1.9040902460687692
815,-0.9822401448243544,0.3662654113814938,0.18943103464653968,0.0690602679921315
816,-1.5401837113062562,0.6931822372327362,0.029559210862285024,-0.8484547210461874
817,-3.403117619959619,-2.85574664957842,1.4582825613333852,2.8216052351070884
818,-1.5430344094607673,-0.8134734215908882,0.9089601730901788,0.9865752570304503
819,-2.496797249718394,-2.648835332068921,0.6431319617703689,1.9040902460687692
820,-2.670939947009131,-1.1145598976164546,0.9499065106094889,0.0690602679921315
821,-1.2762659739673436,-0.31344222984514525,0.47127588631405626,0.0690602679921315
822,-3.2116696413685912,-2.48762893714532,-0.4496710860864582,0.0690602679921315
823,-2.1676516641107675,0.25337171872990333,-0.5606020425022084,0.0690602679921315
824,-3.5102822463251475,0.20516734806157896,0.9084916066275252,-0.8484547210461874
825,-1.7840139385786002,0.5405115786220754,0.399363902094109,1.9040902460687692
826,-2.164933583089761,0.2162491283247295,1.1136244947539804,0.9865752570304503
827,-3.5644405284867404,-1.2926223243813424,0.023262544949822217,0.9865752570304503
828,-1.0031530871201362,-0.6113842112196798,0.5928130296786127,-0.8484547210461874
829,0.24892238078346735,-2.0647370448579636,1.7193189580640882,-0.8484547210461874
830,-4.29736427026197,-0.6569786403123309,2.153953470913743,2.8216052351070884
831,-3.4516318306379263,-0.2808230380493063,1.90807784564787,1.9040902460687692
832,-3.04159598273121,0.11903569762144924,0.9254398876662889,0.0690602679921315
833,-0.19767881536597323,0.5597058107181301,-0.20989970083132933,0.9865752570304503
834,-0.1742738364154817,0.13342418941459608,3.4013096538012935,0.0690602679921315
835,-2.1546781302999163,0.49029762462284016,0.6529002100316046,0.9865752570304503
836,-1.7203561742618014,-0.15666474619880577,1.1610471023816142,0.0690602679921315
